{
  "compilerOptions": {
    "target": "ES2017",
    "lib": [
      "dom",
      "dom.iterable",
      "esnext"
    ],
    "allowJs": true,
    "skipLibCheck": true,
    "strict": true,
    "noEmit": true,
    "esModuleInterop": true,
    "module": "esnext",
    "moduleResolution": "bundler",
    "resolveJsonModule": true,
    "isolatedModules": true,
    "jsx": "preserve",
    "incremental": true,
    "plugins": [
      {
        "name": "next"
      }
    ],
    "paths": {
      "@/*": [
        "./src/*"
      ]
    }
  },
  "exclude": [
    "node_modules"
  ],
  "include": [
    "next-env.d.ts",
    ".next/types/**/*.ts",
    "**/*.ts",
    "**/*.tsx"
, "src/pages/verify-otp.js"  ]
}
